index,neg,neu,pos,compound,sentence
0,0.172,0.828,0.0,-0.3612,when lightening strikes it is an electromagnetic discharge from earth to the sky.
1,0.04,0.874,0.085,0.3103,"Could it be possible to build a stable conductor of electro magnetic energy to generate renewable eletricity
While lightning is an electromagnetic discharge, it occurs due to a complex process involving the buildup and discharge of static electricity in the atmosphere, which is not easily replicable in a controlled manner."
2,0.0,0.864,0.136,0.296,"Therefore, it is not currently possible to build a stable conductor to generate electricity from lightning."
3,0.0,1.0,0.0,0.0,"However, there are other ways to generate electricity from atmospheric electricity, such as through the use of static electricity, which is generated by the friction between two materials."
4,0.0,1.0,0.0,0.0,"One example of this is the Van de Graaff generator, which can generate static electricity through the use of a rotating belt and a grounded metal sphere."
5,0.0,0.894,0.106,0.3612,"Another method is through the use of atmospheric electricity collectors, which are designed to capture the natural electrical charge in the air."
6,0.0,1.0,0.0,0.0,"These collectors typically consist of a tall, pointed metal rod connected to a grounding wire, which is used to capture the electrical charge in the air and channel it into a storage device."
7,0.066,0.875,0.059,-0.0598,"While these methods can generate electricity from atmospheric electricity, they are not as efficient as other renewable energy sources such as solar or wind power, and are generally not used on a large scale."
8,0.0,0.923,0.077,0.2732,"However, research is ongoing in this area, and new technologies may be developed in the future to make atmospheric electricity a more viable source of renewable energy."
9,0.215,0.785,0.0,-0.7501,"can a sufficiently large grounding mechanism cause lightening to strike at the location
It is not advisable to try to manipulate lightning strikes as it can be extremely dangerous and unpredictable."
10,0.134,0.785,0.082,-0.1511,"While it is possible to influence the path of lightning using various techniques, attempting to attract lightning strikes to a specific location with a grounding mechanism is not recommended."
11,0.118,0.764,0.118,0.0,"Grounding mechanisms are designed to provide a low-impedance path to ground for electrical currents, but they do not generate electricity or attract lightning strikes."
12,0.057,0.87,0.073,0.1779,"In fact, structures with large grounding systems, such as lightning rods, are designed to provide a path of least resistance for lightning strikes to follow, directing the electrical charge safely into the ground and away from the structure they are protecting."
13,0.279,0.553,0.168,-0.6369,"Attempting to attract lightning strikes to a specific location can create a significant risk of damage and injury, particularly if the location is in a populated area or near flammable materials."
14,0.045,0.657,0.299,0.8176,It is important to follow established safety guidelines and regulations regarding lightning protection to ensure the safety of people and property in the event of a lightning strike.
15,0.215,0.785,0.0,-0.7351,"capture the electricity inside the low impedance structure when lightening strikes
It is possible to capture the electricity produced by a lightning strike using a low impedance structure, such as a lightning rod or a lightning protection system."
16,0.0,0.904,0.096,0.4939,"These structures are designed to provide a path of least resistance for the lightning to follow, directing the electrical charge safely into the ground and away from the structure they are protecting."
17,0.061,0.729,0.21,0.5683,"When a lightning strike occurs, the electrical charge produced can be enormous, and capturing this energy requires specialized equipment and safety precautions."
18,0.112,0.756,0.132,0.1779,"One way to capture the energy produced by a lightning strike is through the use of lightning arresters, which are devices designed to protect electrical systems from the effects of lightning strikes."
19,0.049,0.779,0.172,0.5859,These devices can be connected to the grounding system of a structure to capture the electrical energy produced by a lightning strike and direct it safely into the ground.
20,0.067,0.933,0.0,-0.128,"Another method is to use lightning capacitors, which are designed to store the electrical charge produced by a lightning strike for later use."
21,0.0,0.925,0.075,0.2732,"These capacitors can be used to power electrical systems, such as telecommunications equipment or scientific instruments, that require high levels of energy for short periods of time."
22,0.04,0.78,0.18,0.6369,It is important to note that capturing the energy produced by a lightning strike requires specialized equipment and should only be done by trained professionals with the necessary expertise and safety precautions in place.
23,0.25,0.647,0.103,-0.5296,Attempting to capture this energy without proper equipment and training can be extremely dangerous and should be avoided.
24,0.0,1.0,0.0,0.0,"who builds lightening arresters
Lightning arresters are typically built by specialized manufacturers that specialize in lightning protection equipment."
25,0.0,1.0,0.0,0.0,"Some well-known companies that manufacture lightning protection equipment and lightning arresters include:

LEC Global - a leading manufacturer of lightning protection and grounding systems."
26,0.0,0.825,0.175,0.1779,DEHN - a global provider of lightning and surge protection solutions.
27,0.0,1.0,0.0,0.0,Lightning Protection International (LPI) - a manufacturer of lightning protection equipment and systems.
28,0.0,1.0,0.0,0.0,ERICO - a manufacturer of grounding and lightning protection systems.
29,0.0,0.825,0.175,0.1779,Franklin Electric - a provider of lightning protection solutions and equipment.
30,0.0,0.935,0.065,0.2023,"There are many other companies that manufacture lightning arresters and protection systems, and it is important to choose a reputable and experienced manufacturer when selecting lightning protection equipment."
31,0.0,0.854,0.146,0.4767,It is also important to have a professional lightning protection system designer or installer evaluate your specific needs and design a customized solution for your building or structure.
32,0.0,0.927,0.073,0.3182,"if global internet is fractioned will bitcoin fall apart
If the global internet were to be significantly fragmented, it could potentially impact the Bitcoin network and its ability to function."
33,0.103,0.897,0.0,-0.5574,"Bitcoin relies on a global network of nodes and miners to maintain its decentralized ledger, and if large parts of the internet were cut off from one another, it could become difficult for all nodes to communicate with each other and maintain consensus."
34,0.091,0.837,0.072,-0.128,"However, it's worth noting that Bitcoin is designed to be resilient to network disruptions and has several built-in mechanisms to handle temporary network outages."
35,0.0,0.909,0.091,0.3612,"For example, Bitcoin nodes can continue to function and validate transactions even if they are not able to communicate with the broader network for a short period."
36,0.0,0.943,0.057,0.3182,"In addition, the Bitcoin network has several layers of redundancy, including multiple copies of the blockchain distributed across the network and the ability for nodes to connect to each other through alternative means, such as satellite or mesh networks."
37,0.061,0.861,0.078,-0.0772,"Overall, while a significant fragmentation of the global internet could pose some challenges to the Bitcoin network, it is designed to be resilient and has mechanisms in place to continue functioning even in the face of network disruptions."
38,0.085,0.915,0.0,-0.4215,"what would happen once miners in different fractions start producing blocks
If the global internet were to be significantly fractioned and miners in different parts of the network started producing blocks on separate chains, this would result in a 'fork' in the Bitcoin network."
39,0.0,0.94,0.06,0.2263,"This would mean that there are two (or more) different versions of the blockchain, with different sets of transactions and potentially different rules for how those transactions are validated and confirmed."
40,0.0,0.854,0.146,0.5106,"In such a scenario, users and nodes on each side of the fork would need to decide which version of the blockchain they want to support and which set of rules they want to follow."
41,0.0,0.805,0.195,0.7003,"This could potentially lead to a split in the Bitcoin community, with some users and nodes supporting one version of the blockchain and others supporting a different version."
42,0.0,1.0,0.0,0.0,"If the fork were to persist for an extended period, it could result in two separate and distinct cryptocurrencies, with separate markets, exchange rates, and user bases."
43,0.065,0.864,0.071,0.0516,"This has happened before in the case of other cryptocurrencies, such as Ethereum and Ethereum Classic, which forked in two thousand and sixteen following a disagreement over how to handle a hack of the DAO smart contract."
44,0.0,0.893,0.107,0.3818,"It's worth noting, however, that forking is a rare and extreme event in the Bitcoin network, and most forks that do occur are resolved quickly and with little impact on the broader network."
45,0.0,0.711,0.289,0.6249,The Bitcoin community and developers work to prevent forks and ensure the stability and security of the network.
46,0.0,1.0,0.0,0.0,i think you're not exactly right.
47,0.345,0.477,0.177,-0.3532,I'm not sure you're able to accept when you're wrong.
48,0.0,1.0,0.0,0.0,"In any case, bitcoin wouldn't fork because the rules remain the same."
49,0.091,0.909,0.0,-0.2732,When the chains reconnected the nodes would drop the shorter chain making all those transactions in the shorter chain null and void.
50,0.0,0.833,0.167,0.1027,"You are correct, I apologize for my previous response."
51,0.056,0.899,0.045,-0.128,"If the rules of the Bitcoin network remain the same and the network reconnects, then the longer chain would be accepted as the valid version of the blockchain, and any transactions that were included in the shorter chain would be considered invalid and disregarded."
52,0.0,0.927,0.073,0.296,"In the event of a network fragmentation, miners on each side of the network would continue to work on their own version of the blockchain, creating separate and competing chains."
53,0.113,0.812,0.076,-0.1027,"However, once the network is reconnected, the nodes would automatically switch to the longest chain, and the blocks on the shorter chain would be discarded, effectively nullifying any transactions that occurred on that chain."
54,0.0,0.573,0.427,0.802,"Thank you for bringing this to my attention, and I hope this clarification is helpful."
