Token,Frequency
lightning,36
network,19
electricity,13
protection,13
bitcoin,13
would,11
electrical,10
energy,9
equipment,9
strikes,8
designed,8
grounding,8
strike,8
nodes,8
capture,7
systems,7
global,7
chain,7
could,6
generate,6
use,6
charge,6
structure,6
produced,6
transactions,6
blockchain,6
different,6
however,5
arresters,5
internet,5
version,5
lightening,4
possible,4
atmospheric,4
one,4
large,4
location,4
path,4
ground,4
follow,4
important,4
safety,4
manufacturer,4
miners,4
separate,4
fork,4
rules,4
shorter,4
discharge,3
renewable,3
static,3
two,3
another,3
used,3
attempting,3
attract,3
specific,3
mechanisms,3
provide,3
safely,3
event,3
system,3
specialized,3
potentially,3
continue,3
blocks,3
chains,3
're,3
electromagnetic,2
build,2
stable,2
conductor,2
occurs,2
materials,2
example,2
metal,2
method,2
collectors,2
air,2
typically,2
rod,2
connected,2
power,2
area,2
mechanism,2
extremely,2
dangerous,2
using,2
structures,2
least,2
resistance,2
directing,2
away,2
protecting,2
significant,2
ensure,2
low,2
impedance,2
capturing,2
requires,2
